{"text": " \u0414\u043e\u0431\u0440\u044b\u0439 \u0434\u0435\u043d\u044c. \u0417\u0434\u0440\u0430\u0432\u0441\u0442\u0432\u0443\u0439\u0442\u0435. \u041f\u0440\u0435\u0434\u0441\u0442\u0430\u0432\u044c\u0442\u0435\u0441\u044c, \u043f\u043e\u0436\u0430\u043b\u0443\u0439\u0441\u0442\u0430. \u041c\u0435\u043d\u044f \u0437\u043e\u0432\u0443\u0442 \u0418\u043b\u044c\u044f \u0410\u043b\u0435\u043a\u0441\u0430\u043d\u0434\u0440\u043e\u0432\u0438\u0447. \u0418\u043b\u044c\u044f \u0410\u043b\u0435\u043a\u0441\u0430\u043d\u0434\u0440\u043e\u0432\u0438\u0447, \u0432\u044b \u0441\u0442\u0443\u0434\u0435\u043d\u0442 \u043a\u0430\u043a\u043e\u0433\u043e \u043a\u0443\u0440\u0441\u0430? \u042f \u0441\u0442\u0443\u0434\u0435\u043d\u0442 \u0442\u0440\u0435\u0442\u044c\u0435\u0433\u043e \u043a\u0443\u0440\u0441\u0430. \u041d\u0430\u0437\u043e\u0432\u0438\u0442\u0435 \u0441\u0432\u043e\u044e \u0441\u043f\u0435\u0446\u0438\u0430\u043b\u044c\u043d\u043e\u0441\u0442\u044c. \u041e\u043f\u0440\u0430\u0432\u043b\u0435\u043d\u0438\u0435 \u0432 \u0442\u0435\u0445\u043d\u0438\u0447\u0435\u0441\u043a\u0438\u0445 \u0441\u0438\u0441\u0442\u0435\u043c\u0430\u0445. \u0421\u043f\u0430\u0441\u0438\u0431\u043e.", "segments": [{"id": 0, "seek": 0, "start": 0.0, "end": 7.12, "text": " \u0414\u043e\u0431\u0440\u044b\u0439 \u0434\u0435\u043d\u044c. \u0417\u0434\u0440\u0430\u0432\u0441\u0442\u0432\u0443\u0439\u0442\u0435. \u041f\u0440\u0435\u0434\u0441\u0442\u0430\u0432\u044c\u0442\u0435\u0441\u044c, \u043f\u043e\u0436\u0430\u043b\u0443\u0439\u0441\u0442\u0430. \u041c\u0435\u043d\u044f \u0437\u043e\u0432\u0443\u0442 \u0418\u043b\u044c\u044f \u0410\u043b\u0435\u043a\u0441\u0430\u043d\u0434\u0440\u043e\u0432\u0438\u0447.", "tokens": [50364, 3401, 13829, 4851, 13509, 13, 17613, 36359, 13, 46825, 6938, 678, 48430, 11, 32518, 13, 47311, 46376, 3272, 6762, 681, 44938, 6680, 3903, 13, 50720], "temperature": 0.0, "avg_logprob": -0.17001807062249435, "compression_ratio": 1.798283261802575, "no_speech_prob": 0.28825628757476807}, {"id": 1, "seek": 0, "start": 7.12, "end": 13.88, "text": " \u0418\u043b\u044c\u044f \u0410\u043b\u0435\u043a\u0441\u0430\u043d\u0434\u0440\u043e\u0432\u0438\u0447, \u0432\u044b \u0441\u0442\u0443\u0434\u0435\u043d\u0442 \u043a\u0430\u043a\u043e\u0433\u043e \u043a\u0443\u0440\u0441\u0430? \u042f \u0441\u0442\u0443\u0434\u0435\u043d\u0442 \u0442\u0440\u0435\u0442\u044c\u0435\u0433\u043e \u043a\u0443\u0440\u0441\u0430. \u041d\u0430\u0437\u043e\u0432\u0438\u0442\u0435 \u0441\u0432\u043e\u044e \u0441\u043f\u0435\u0446\u0438\u0430\u043b\u044c\u043d\u043e\u0441\u0442\u044c.", "tokens": [50720, 3272, 6762, 681, 44938, 6680, 3903, 11, 2840, 44322, 5243, 3014, 2350, 28975, 22568, 30, 4857, 44322, 5243, 45305, 4353, 28975, 22568, 13, 2410, 1990, 1055, 5878, 23069, 25665, 3842, 9930, 13, 51058], "temperature": 0.0, "avg_logprob": -0.17001807062249435, "compression_ratio": 1.798283261802575, "no_speech_prob": 0.28825628757476807}, {"id": 2, "seek": 0, "start": 13.88, "end": 16.48, "text": " \u041e\u043f\u0440\u0430\u0432\u043b\u0435\u043d\u0438\u0435 \u0432 \u0442\u0435\u0445\u043d\u0438\u0447\u0435\u0441\u043a\u0438\u0445 \u0441\u0438\u0441\u0442\u0435\u043c\u0430\u0445. \u0421\u043f\u0430\u0441\u0438\u0431\u043e.", "tokens": [51058, 45246, 5608, 17943, 740, 16615, 1903, 16565, 11855, 24067, 7004, 13, 29219, 13, 51188], "temperature": 0.0, "avg_logprob": -0.17001807062249435, "compression_ratio": 1.798283261802575, "no_speech_prob": 0.28825628757476807}], "language": "ru"}